pickup,delivery,distance,equipment,weight,date,predicted_rate
Lexington,Fort Wayne,360,Dry Van,32000,2025-12-01,797.463776
Lexington,Fort Wayne,360,Dry Van,32000,2025-12-02,801.188734
Lexington,Fort Wayne,360,Dry Van,32000,2025-12-03,807.349631
Lexington,Fort Wayne,360,Dry Van,32000,2025-12-04,809.285844
Lexington,Fort Wayne,360,Dry Van,32000,2025-12-05,805.470437
Lexington,Fort Wayne,360,Dry Van,32000,2025-12-06,798.312423
Lexington,Fort Wayne,360,Dry Van,32000,2025-12-07,795.607237
Lexington,Fort Wayne,360,Dry Van,32000,2025-12-08,792.643383
Lexington,Fort Wayne,360,Dry Van,32000,2025-12-09,796.098904
Lexington,Fort Wayne,360,Dry Van,32000,2025-12-10,798.911895
Lexington,Fort Wayne,360,Dry Van,32000,2025-12-11,799.918964
Lexington,Fort Wayne,360,Dry Van,32000,2025-12-12,797.293564
Lexington,Fort Wayne,360,Dry Van,32000,2025-12-13,793.943265
Lexington,Fort Wayne,360,Dry Van,32000,2025-12-14,791.552253
Lexington,Fort Wayne,360,Dry Van,32000,2025-12-15,788.866627
Lexington,Fort Wayne,360,Dry Van,32000,2025-12-16,792.513733
Lexington,Fort Wayne,360,Dry Van,32000,2025-12-17,797.982751
Lexington,Fort Wayne,360,Dry Van,32000,2025-12-18,799.918964
Lexington,Fort Wayne,360,Dry Van,32000,2025-12-19,795.223652
Lexington,Fort Wayne,360,Dry Van,32000,2025-12-20,792.059155
Lexington,Fort Wayne,360,Dry Van,32000,2025-12-21,790.826189
Lexington,Fort Wayne,360,Dry Van,32000,2025-12-22,788.166779
Lexington,Fort Wayne,360,Dry Van,32000,2025-12-23,791.465312
Lexington,Fort Wayne,360,Dry Van,32000,2025-12-24,796.091744
Lexington,Fort Wayne,360,Dry Van,32000,2025-12-25,798.027957
Lexington,Fort Wayne,360,Dry Van,32000,2025-12-26,794.898495
Lexington,Fort Wayne,360,Dry Van,32000,2025-12-27,790.793897
Lexington,Fort Wayne,360,Dry Van,32000,2025-12-28,789.575991
Lexington,Fort Wayne,360,Dry Van,32000,2025-12-29,786.916580
Lexington,Fort Wayne,360,Dry Van,32000,2025-12-30,790.200054
Lexington,Fort Wayne,360,Dry Van,32000,2025-12-31,794.826486
